Workbook

Sheet List
C1: My text here | D1: Max character = | E1: 45
A2: KC_NO | B2: 0x0000 | D2: X ( | E2: =LEFT(A2 & REPT(" ",$E$1),$E$1) -> KC_NO | F2: , | G2: =B2 -> 0x0000 | H2: , " | I2: =IF(C2="","",C2) | J2: " ) \ | K2: =IF(I2="","",_xlfn.CONCAT(D2:J2))
A3: KC_TRANSPARENT | B3: 0x0001 | D3: X ( | E3: =LEFT(A3 & REPT(" ",$E$1),$E$1) -> KC_TRANSPARENT | F3: , | G3: =B3 -> 0x0001 | H3: , " | I3: =IF(C3="","",C3) | J3: " ) \ | K3: =IF(I3="","",_xlfn.CONCAT(D3:J3))
A4: KC_A | B4: 0x0004 | C4: a | D4: X ( | E4: =LEFT(A4 & REPT(" ",$E$1),$E$1) -> KC_A | F4: , | G4: =B4 -> 0x0004 | H4: , " | I4: =IF(C4="","",C4) -> a | J4: " ) \ | K4: =IF(I4="","",_xlfn.CONCAT(D4:J4)) -> X ( KC_A , 0x0004, "a" ) \
A5: KC_B | B5: 0x0005 | C5: b | D5: X ( | E5: =LEFT(A5 & REPT(" ",$E$1),$E$1) -> KC_B | F5: , | G5: =B5 -> 0x0005 | H5: , " | I5: =IF(C5="","",C5) -> b | J5: " ) \ | K5: =IF(I5="","",_xlfn.CONCAT(D5:J5)) -> X ( KC_B , 0x0005, "b" ) \
A6: KC_C | B6: 0x0006 | C6: c | D6: X ( | E6: =LEFT(A6 & REPT(" ",$E$1),$E$1) -> KC_C | F6: , | G6: =B6 -> 0x0006 | H6: , " | I6: =IF(C6="","",C6) -> c | J6: " ) \ | K6: =IF(I6="","",_xlfn.CONCAT(D6:J6)) -> X ( KC_C , 0x0006, "c" ) \
A7: KC_D | B7: 0x0007 | C7: d | D7: X ( | E7: =LEFT(A7 & REPT(" ",$E$1),$E$1) -> KC_D | F7: , | G7: =B7 -> 0x0007 | H7: , " | I7: =IF(C7="","",C7) -> d | J7: " ) \ | K7: =IF(I7="","",_xlfn.CONCAT(D7:J7)) -> X ( KC_D , 0x0007, "d" ) \
A8: KC_E | B8: 0x0008 | C8: e | D8: X ( | E8: =LEFT(A8 & REPT(" ",$E$1),$E$1) -> KC_E | F8: , | G8: =B8 -> 0x0008 | H8: , " | I8: =IF(C8="","",C8) -> e | J8: " ) \ | K8: =IF(I8="","",_xlfn.CONCAT(D8:J8)) -> X ( KC_E , 0x0008, "e" ) \
A9: KC_F | B9: 0x0009 | C9: f | D9: X ( | E9: =LEFT(A9 & REPT(" ",$E$1),$E$1) -> KC_F | F9: , | G9: =B9 -> 0x0009 | H9: , " | I9: =IF(C9="","",C9) -> f | J9: " ) \ | K9: =IF(I9="","",_xlfn.CONCAT(D9:J9)) -> X ( KC_F , 0x0009, "f" ) \
A10: KC_G | B10: 0x000A | C10: g | D10: X ( | E10: =LEFT(A10 & REPT(" ",$E$1),$E$1) -> KC_G | F10: , | G10: =B10 -> 0x000A | H10: , " | I10: =IF(C10="","",C10) -> g | J10: " ) \ | K10: =IF(I10="","",_xlfn.CONCAT(D10:J10)) -> X ( KC_G , 0x000A, "g" ) \
A11: KC_H | B11: 0x000B | C11: h | D11: X ( | E11: =LEFT(A11 & REPT(" ",$E$1),$E$1) -> KC_H | F11: , | G11: =B11 -> 0x000B | H11: , " | I11: =IF(C11="","",C11) -> h | J11: " ) \ | K11: =IF(I11="","",_xlfn.CONCAT(D11:J11)) -> X ( KC_H , 0x000B, "h" ) \
A12: KC_I | B12: 0x000C | C12: i | D12: X ( | E12: =LEFT(A12 & REPT(" ",$E$1),$E$1) -> KC_I | F12: , | G12: =B12 -> 0x000C | H12: , " | I12: =IF(C12="","",C12) -> i | J12: " ) \ | K12: =IF(I12="","",_xlfn.CONCAT(D12:J12)) -> X ( KC_I , 0x000C, "i" ) \
A13: KC_J | B13: 0x000D | C13: j | D13: X ( | E13: =LEFT(A13 & REPT(" ",$E$1),$E$1) -> KC_J | F13: , | G13: =B13 -> 0x000D | H13: , " | I13: =IF(C13="","",C13) -> j | J13: " ) \ | K13: =IF(I13="","",_xlfn.CONCAT(D13:J13)) -> X ( KC_J , 0x000D, "j" ) \
A14: KC_K | B14: 0x000E | C14: k | D14: X ( | E14: =LEFT(A14 & REPT(" ",$E$1),$E$1) -> KC_K | F14: , | G14: =B14 -> 0x000E | H14: , " | I14: =IF(C14="","",C14) -> k | J14: " ) \ | K14: =IF(I14="","",_xlfn.CONCAT(D14:J14)) -> X ( KC_K , 0x000E, "k" ) \
A15: KC_L | B15: 0x000F | C15: l | D15: X ( | E15: =LEFT(A15 & REPT(" ",$E$1),$E$1) -> KC_L | F15: , | G15: =B15 -> 0x000F | H15: , " | I15: =IF(C15="","",C15) -> l | J15: " ) \ | K15: =IF(I15="","",_xlfn.CONCAT(D15:J15)) -> X ( KC_L , 0x000F, "l" ) \
... A29: KC_Z | B29: 0x001D | C29: z | D29: X ( | E29: =LEFT(A29 & REPT(" ",$E$1),$E$1) -> KC_Z | F29: , | G29: =B29 -> 0x001D | H29: , " | I29: =IF(C29="","",C29) -> z | J29: " ) \ | K29: =IF(I29="","",_xlfn.CONCAT(D29:J29)) -> X ( KC_Z , 0x001D, "z" ) \
A30: KC_1 | B30: 0x001E | C30: 1 | D30: X ( | E30: =LEFT(A30 & REPT(" ",$E$1),$E$1) -> KC_1 | F30: , | G30: =B30 -> 0x001E | H30: , " | I30: =IF(C30="","",C30) -> 1 | J30: " ) \ | K30: =IF(I30="","",_xlfn.CONCAT(D30:J30)) -> X ( KC_1 , 0x001E, "1" ) \
A31: KC_2 | B31: 0x001F | C31: 2 | D31: X ( | E31: =LEFT(A31 & REPT(" ",$E$1),$E$1) -> KC_2 | F31: , | G31: =B31 -> 0x001F | H31: , " | I31: =IF(C31="","",C31) -> 2 | J31: " ) \ | K31: =IF(I31="","",_xlfn.CONCAT(D31:J31)) -> X ( KC_2 , 0x001F, "2" ) \
A32: KC_3 | B32: 0x0020 | C32: 3 | D32: X ( | E32: =LEFT(A32 & REPT(" ",$E$1),$E$1) -> KC_3 | F32: , | G32: =B32 -> 0x0020 | H32: , " | I32: =IF(C32="","",C32) -> 3 | J32: " ) \ | K32: =IF(I32="","",_xlfn.CONCAT(D32:J32)) -> X ( KC_3 , 0x0020, "3" ) \
A33: KC_4 | B33: 0x0021 | C33: 4 | D33: X ( | E33: =LEFT(A33 & REPT(" ",$E$1),$E$1) -> KC_4 | F33: , | G33: =B33 -> 0x0021 | H33: , " | I33: =IF(C33="","",C33) -> 4 | J33: " ) \ | K33: =IF(I33="","",_xlfn.CONCAT(D33:J33)) -> X ( KC_4 , 0x0021, "4" ) \
A34: KC_5 | B34: 0x0022 | C34: 5 | D34: X ( | E34: =LEFT(A34 & REPT(" ",$E$1),$E$1) -> KC_5 | F34: , | G34: =B34 -> 0x0022 | H34: , " | I34: =IF(C34="","",C34) -> 5 | J34: " ) \ | K34: =IF(I34="","",_xlfn.CONCAT(D34:J34)) -> X ( KC_5 , 0x0022, "5" ) \
A35: KC_6 | B35: 0x0023 | C35: 6 | D35: X ( | E35: =LEFT(A35 & REPT(" ",$E$1),$E$1) -> KC_6 | F35: , | G35: =B35 -> 0x0023 | H35: , " | I35: =IF(C35="","",C35) -> 6 | J35: " ) \ | K35: =IF(I35="","",_xlfn.CONCAT(D35:J35)) -> X ( KC_6 , 0x0023, "6" ) \
A36: KC_7 | B36: 0x0024 | C36: 7 | D36: X ( | E36: =LEFT(A36 & REPT(" ",$E$1),$E$1) -> KC_7 | F36: , | G36: =B36 -> 0x0024 | H36: , " | I36: =IF(C36="","",C36) -> 7 | J36: " ) \ | K36: =IF(I36="","",_xlfn.CONCAT(D36:J36)) -> X ( KC_7 , 0x0024, "7" ) \
A37: KC_8 | B37: 0x0025 | C37: 8 | D37: X ( | E37: =LEFT(A37 & REPT(" ",$E$1),$E$1) -> KC_8 | F37: , | G37: =B37 -> 0x0025 | H37: , " | I37: =IF(C37="","",C37) -> 8 | J37: " ) \ | K37: =IF(I37="","",_xlfn.CONCAT(D37:J37)) -> X ( KC_8 , 0x0025, "8" ) \
A38: KC_9 | B38: 0x0026 | C38: 9 | D38: X ( | E38: =LEFT(A38 & REPT(" ",$E$1),$E$1) -> KC_9 | F38: , | G38: =B38 -> 0x0026 | H38: , " | I38: =IF(C38="","",C38) -> 9 | J38: " ) \ | K38: =IF(I38="","",_xlfn.CONCAT(D38:J38)) -> X ( KC_9 , 0x0026, "9" ) \
A39: KC_0 | B39: 0x0027 | C39: 0 | D39: X ( | E39: =LEFT(A39 & REPT(" ",$E$1),$E$1) -> KC_0 | F39: , | G39: =B39 -> 0x0027 | H39: , " | I39: =IF(C39="","",C39) -> 0 | J39: " ) \ | K39: =IF(I39="","",_xlfn.CONCAT(D39:J39)) -> X ( KC_0 , 0x0027, "0" ) \
A40: KC_ENTER | B40: 0x0028 | C40: Ent | D40: X ( | E40: =LEFT(A40 & REPT(" ",$E$1),$E$1) -> KC_ENTER | F40: , | G40: =B40 -> 0x0028 | H40: , " | I40: =IF(C40="","",C40) -> Ent | J40: " ) \ | K40: =IF(I40="","",_xlfn.CONCAT(D40:J40)) -> X ( KC_ENTER , 0x0028, "Ent" ) \
A41: KC_ESCAPE | B41: 0x0029 | C41: Esc | D41: X ( | E41: =LEFT(A41 & REPT(" ",$E$1),$E$1) -> KC_ESCAPE | F41: , | G41: =B41 -> 0x0029 | H41: , " | I41: =IF(C41="","",C41) -> Esc | J41: " ) \ | K41: =IF(I41="","",_xlfn.CONCAT(D41:J41)) -> X ( KC_ESCAPE , 0x0029, "Esc" ) \
A42: KC_BACKSPACE | B42: 0x002A | C42: BKSP | D42: X ( | E42: =LEFT(A42 & REPT(" ",$E$1),$E$1) -> KC_BACKSPACE | F42: , | G42: =B42 -> 0x002A | H42: , " | I42: =IF(C42="","",C42) -> BKSP | J42: " ) \ | K42: =IF(I42="","",_xlfn.CONCAT(D42:J42)) -> X ( KC_BACKSPACE , 0x002A, "BKSP" ) \
A43: KC_TAB | B43: 0x002B | C43: Tab | D43: X ( | E43: =LEFT(A43 & REPT(" ",$E$1),$E$1) -> KC_TAB | F43: , | G43: =B43 -> 0x002B | H43: , " | I43: =IF(C43="","",C43) -> Tab | J43: " ) \ | K43: =IF(I43="","",_xlfn.CONCAT(D43:J43)) -> X ( KC_TAB , 0x002B, "Tab" ) \
A44: KC_SPACE | B44: 0x002C | C44: _ | D44: X ( | E44: =LEFT(A44 & REPT(" ",$E$1),$E$1) -> KC_SPACE | F44: , | G44: =B44 -> 0x002C | H44: , " | I44: =IF(C44="","",C44) -> _ | J44: " ) \ | K44: =IF(I44="","",_xlfn.CONCAT(D44:J44)) -> X ( KC_SPACE , 0x002C, "_" ) \
A45: KC_MINUS | B45: 0x002D | C45: - | D45: X ( | E45: =LEFT(A45 & REPT(" ",$E$1),$E$1) -> KC_MINUS | F45: , | G45: =B45 -> 0x002D | H45: , " | I45: =IF(C45="","",C45) -> - | J45: " ) \ | K45: =IF(I45="","",_xlfn.CONCAT(D45:J45)) -> X ( KC_MINUS , 0x002D, "-" ) \
A46: KC_EQUAL | B46: 0x002E | C46: = | D46: X ( | E46: =LEFT(A46 & REPT(" ",$E$1),$E$1) -> KC_EQUAL | F46: , | G46: =B46 -> 0x002E | H46: , " | I46: =IF(C46="","",C46) -> = | J46: " ) \ | K46: =IF(I46="","",_xlfn.CONCAT(D46:J46)) -> X ( KC_EQUAL , 0x002E, "=" ) \
A47: KC_LEFT_BRACKET | B47: 0x002F | D47: X ( | E47: =LEFT(A47 & REPT(" ",$E$1),$E$1) -> KC_LEFT_BRACKET | F47: , | G47: =B47 -> 0x002F | H47: , " | I47: =IF(C47="","",C47) | J47: " ) \ | K47: =IF(I47="","",_xlfn.CONCAT(D47:J47))
A48: KC_RIGHT_BRACKET | B48: 0x0030 | D48: X ( | E48: =LEFT(A48 & REPT(" ",$E$1),$E$1) -> KC_RIGHT_BRACKET | F48: , | G48: =B48 -> 0x0030 | H48: , " | I48: =IF(C48="","",C48) | J48: " ) \ | K48: =IF(I48="","",_xlfn.CONCAT(D48:J48))
A49: KC_BACKSLASH | B49: 0x0031 | D49: X ( | E49: =LEFT(A49 & REPT(" ",$E$1),$E$1) -> KC_BACKSLASH | F49: , | G49: =B49 -> 0x0031 | H49: , " | I49: =IF(C49="","",C49) | J49: " ) \ | K49: =IF(I49="","",_xlfn.CONCAT(D49:J49))
A50: KC_NONUS_HASH | B50: 0x0032 | D50: X ( | E50: =LEFT(A50 & REPT(" ",$E$1),$E$1) -> KC_NONUS_HASH | F50: , | G50: =B50 -> 0x0032 | H50: , " | I50: =IF(C50="","",C50) | J50: " ) \ | K50: =IF(I50="","",_xlfn.CONCAT(D50:J50))
A51: KC_SEMICOLON | B51: 0x0033 | D51: X ( | E51: =LEFT(A51 & REPT(" ",$E$1),$E$1) -> KC_SEMICOLON | F51: , | G51: =B51 -> 0x0033 | H51: , " | I51: =IF(C51="","",C51) | J51: " ) \ | K51: =IF(I51="","",_xlfn.CONCAT(D51:J51))
A52: KC_QUOTE | B52: 0x0034 | D52: X ( | E52: =LEFT(A52 & REPT(" ",$E$1),$E$1) -> KC_QUOTE | F52: , | G52: =B52 -> 0x0034 | H52: , " | I52: =IF(C52="","",C52) | J52: " ) \ | K52: =IF(I52="","",_xlfn.CONCAT(D52:J52))
A53: KC_GRAVE | B53: 0x0035 | D53: X ( | E53: =LEFT(A53 & REPT(" ",$E$1),$E$1) -> KC_GRAVE | F53: , | G53: =B53 -> 0x0035 | H53: , " | I53: =IF(C53="","",C53) | J53: " ) \ | K53: =IF(I53="","",_xlfn.CONCAT(D53:J53))
A54: KC_COMMA | B54: 0x0036 | D54: X ( | E54: =LEFT(A54 & REPT(" ",$E$1),$E$1) -> KC_COMMA | F54: , | G54: =B54 -> 0x0036 | H54: , " | I54: =IF(C54="","",C54) | J54: " ) \ | K54: =IF(I54="","",_xlfn.CONCAT(D54:J54))
A55: KC_DOT | B55: 0x0037 | D55: X ( | E55: =LEFT(A55 & REPT(" ",$E$1),$E$1) -> KC_DOT | F55: , | G55: =B55 -> 0x0037 | H55: , " | I55: =IF(C55="","",C55) | J55: " ) \ | K55: =IF(I55="","",_xlfn.CONCAT(D55:J55))
A56: KC_SLASH | B56: 0x0038 | D56: X ( | E56: =LEFT(A56 & REPT(" ",$E$1),$E$1) -> KC_SLASH | F56: , | G56: =B56 -> 0x0038 | H56: , " | I56: =IF(C56="","",C56) | J56: " ) \ | K56: =IF(I56="","",_xlfn.CONCAT(D56:J56))
A57: KC_CAPS_LOCK | B57: 0x0039 | D57: X ( | E57: =LEFT(A57 & REPT(" ",$E$1),$E$1) -> KC_CAPS_LOCK | F57: , | G57: =B57 -> 0x0039 | H57: , " | I57: =IF(C57="","",C57) | J57: " ) \ | K57: =IF(I57="","",_xlfn.CONCAT(D57:J57))
A58: KC_F1 | B58: 0x003A | C58: F1 | D58: X ( | E58: =LEFT(A58 & REPT(" ",$E$1),$E$1) -> KC_F1 | F58: , | G58: =B58 -> 0x003A | H58: , " | I58: =IF(C58="","",C58) -> F1 | J58: " ) \ | K58: =IF(I58="","",_xlfn.CONCAT(D58:J58)) -> X ( KC_F1 , 0x003A, "F1" ) \
A59: KC_F2 | B59: 0x003B | C59: F2 | D59: X ( | E59: =LEFT(A59 & REPT(" ",$E$1),$E$1) -> KC_F2 | F59: , | G59: =B59 -> 0x003B | H59: , " | I59: =IF(C59="","",C59) -> F2 | J59: " ) \ | K59: =IF(I59="","",_xlfn.CONCAT(D59:J59)) -> X ( KC_F2 , 0x003B, "F2" ) \
A60: KC_F3 | B60: 0x003C | C60: F3 | D60: X ( | E60: =LEFT(A60 & REPT(" ",$E$1),$E$1) -> KC_F3 | F60: , | G60: =B60 -> 0x003C | H60: , " | I60: =IF(C60="","",C60) -> F3 | J60: " ) \ | K60: =IF(I60="","",_xlfn.CONCAT(D60:J60)) -> X ( KC_F3 , 0x003C, "F3" ) \
A61: KC_F4 | B61: 0x003D | C61: F4 | D61: X ( | E61: =LEFT(A61 & REPT(" ",$E$1),$E$1) -> KC_F4 | F61: , | G61: =B61 -> 0x003D | H61: , " | I61: =IF(C61="","",C61) -> F4 | J61: " ) \ | K61: =IF(I61="","",_xlfn.CONCAT(D61:J61)) -> X ( KC_F4 , 0x003D, "F4" ) \
A62: KC_F5 | B62: 0x003E | C62: F5 | D62: X ( | E62: =LEFT(A62 & REPT(" ",$E$1),$E$1) -> KC_F5 | F62: , | G62: =B62 -> 0x003E | H62: , " | I62: =IF(C62="","",C62) -> F5 | J62: " ) \ | K62: =IF(I62="","",_xlfn.CONCAT(D62:J62)) -> X ( KC_F5 , 0x003E, "F5" ) \
A63: KC_F6 | B63: 0x003F | C63: F6 | D63: X ( | E63: =LEFT(A63 & REPT(" ",$E$1),$E$1) -> KC_F6 | F63: , | G63: =B63 -> 0x003F | H63: , " | I63: =IF(C63="","",C63) -> F6 | J63: " ) \ | K63: =IF(I63="","",_xlfn.CONCAT(D63:J63)) -> X ( KC_F6 , 0x003F, "F6" ) \
A64: KC_F7 | B64: 0x0040 | C64: F7 | D64: X ( | E64: =LEFT(A64 & REPT(" ",$E$1),$E$1) -> KC_F7 | F64: , | G64: =B64 -> 0x0040 | H64: , " | I64: =IF(C64="","",C64) -> F7 | J64: " ) \ | K64: =IF(I64="","",_xlfn.CONCAT(D64:J64)) -> X ( KC_F7 , 0x0040, "F7" ) \
A65: KC_F8 | B65: 0x0041 | C65: F8 | D65: X ( | E65: =LEFT(A65 & REPT(" ",$E$1),$E$1) -> KC_F8 | F65: , | G65: =B65 -> 0x0041 | H65: , " | I65: =IF(C65="","",C65) -> F8 | J65: " ) \ | K65: =IF(I65="","",_xlfn.CONCAT(D65:J65)) -> X ( KC_F8 , 0x0041, "F8" ) \
A66: KC_F9 | B66: 0x0042 | C66: F9 | D66: X ( | E66: =LEFT(A66 & REPT(" ",$E$1),$E$1) -> KC_F9 | F66: , | G66: =B66 -> 0x0042 | H66: , " | I66: =IF(C66="","",C66) -> F9 | J66: " ) \ | K66: =IF(I66="","",_xlfn.CONCAT(D66:J66)) -> X ( KC_F9 , 0x0042, "F9" ) \
A67: KC_F10 | B67: 0x0043 | C67: F10 | D67: X ( | E67: =LEFT(A67 & REPT(" ",$E$1),$E$1) -> KC_F10 | F67: , | G67: =B67 -> 0x0043 | H67: , " | I67: =IF(C67="","",C67) -> F10 | J67: " ) \ | K67: =IF(I67="","",_xlfn.CONCAT(D67:J67)) -> X ( KC_F10 , 0x0043, "F10" ) \
A68: KC_F11 | B68: 0x0044 | C68: F11 | D68: X ( | E68: =LEFT(A68 & REPT(" ",$E$1),$E$1) -> KC_F11 | F68: , | G68: =B68 -> 0x0044 | H68: , " | I68: =IF(C68="","",C68) -> F11 | J68: " ) \ | K68: =IF(I68="","",_xlfn.CONCAT(D68:J68)) -> X ( KC_F11 , 0x0044, "F11" ) \
A69: KC_F12 | B69: 0x0045 | C69: F12 | D69: X ( | E69: =LEFT(A69 & REPT(" ",$E$1),$E$1) -> KC_F12 | F69: , | G69: =B69 -> 0x0045 | H69: , " | I69: =IF(C69="","",C69) -> F12 | J69: " ) \ | K69: =IF(I69="","",_xlfn.CONCAT(D69:J69)) -> X ( KC_F12 , 0x0045, "F12" ) \
A70: KC_PRINT_SCREEN | B70: 0x0046 | D70: X ( | E70: =LEFT(A70 & REPT(" ",$E$1),$E$1) -> KC_PRINT_SCREEN | F70: , | G70: =B70 -> 0x0046 | H70: , " | I70: =IF(C70="","",C70) | J70: " ) \ | K70: =IF(I70="","",_xlfn.CONCAT(D70:J70))
A71: KC_SCROLL_LOCK | B71: 0x0047 | D71: X ( | E71: =LEFT(A71 & REPT(" ",$E$1),$E$1) -> KC_SCROLL_LOCK | F71: , | G71: =B71 -> 0x0047 | H71: , " | I71: =IF(C71="","",C71) | J71: " ) \ | K71: =IF(I71="","",_xlfn.CONCAT(D71:J71))
A72: KC_PAUSE | B72: 0x0048 | D72: X ( | E72: =LEFT(A72 & REPT(" ",$E$1),$E$1) -> KC_PAUSE | F72: , | G72: =B72 -> 0x0048 | H72: , " | I72: =IF(C72="","",C72) | J72: " ) \ | K72: =IF(I72="","",_xlfn.CONCAT(D72:J72))
A73: KC_INSERT | B73: 0x0049 | D73: X ( | E73: =LEFT(A73 & REPT(" ",$E$1),$E$1) -> KC_INSERT | F73: , | G73: =B73 -> 0x0049 | H73: , " | I73: =IF(C73="","",C73) | J73: " ) \ | K73: =IF(I73="","",_xlfn.CONCAT(D73:J73))
A74: KC_HOME | B74: 0x004A | D74: X ( | E74: =LEFT(A74 & REPT(" ",$E$1),$E$1) -> KC_HOME | F74: , | G74: =B74 -> 0x004A | H74: , " | I74: =IF(C74="","",C74) | J74: " ) \ | K74: =IF(I74="","",_xlfn.CONCAT(D74:J74))
A75: KC_PAGE_UP | B75: 0x004B | D75: X ( | E75: =LEFT(A75 & REPT(" ",$E$1),$E$1) -> KC_PAGE_UP | F75: , | G75: =B75 -> 0x004B | H75: , " | I75: =IF(C75="","",C75) | J75: " ) \ | K75: =IF(I75="","",_xlfn.CONCAT(D75:J75))
A76: KC_DELETE | B76: 0x004C | D76: X ( | E76: =LEFT(A76 & REPT(" ",$E$1),$E$1) -> KC_DELETE | F76: , | G76: =B76 -> 0x004C | H76: , " | I76: =IF(C76="","",C76) | J76: " ) \ | K76: =IF(I76="","",_xlfn.CONCAT(D76:J76))
A77: KC_END | B77: 0x004D | D77: X ( | E77: =LEFT(A77 & REPT(" ",$E$1),$E$1) -> KC_END | F77: , | G77: =B77 -> 0x004D | H77: , " | I77: =IF(C77="","",C77) | J77: " ) \ | K77: =IF(I77="","",_xlfn.CONCAT(D77:J77))
A78: KC_PAGE_DOWN | B78: 0x004E | D78: X ( | E78: =LEFT(A78 & REPT(" ",$E$1),$E$1) -> KC_PAGE_DOWN | F78: , | G78: =B78 -> 0x004E | H78: , " | I78: =IF(C78="","",C78) | J78: " ) \ | K78: =IF(I78="","",_xlfn.CONCAT(D78:J78))
A79: KC_RIGHT | B79: 0x004F | D79: X ( | E79: =LEFT(A79 & REPT(" ",$E$1),$E$1) -> KC_RIGHT | F79: , | G79: =B79 -> 0x004F | H79: , " | I79: =IF(C79="","",C79) | J79: " ) \ | K79: =IF(I79="","",_xlfn.CONCAT(D79:J79))
A80: KC_LEFT | B80: 0x0050 | D80: X ( | E80: =LEFT(A80 & REPT(" ",$E$1),$E$1) -> KC_LEFT | F80: , | G80: =B80 -> 0x0050 | H80: , " | I80: =IF(C80="","",C80) | J80: " ) \ | K80: =IF(I80="","",_xlfn.CONCAT(D80:J80))
A81: KC_DOWN | B81: 0x0051 | D81: X ( | E81: =LEFT(A81 & REPT(" ",$E$1),$E$1) -> KC_DOWN | F81: , | G81: =B81 -> 0x0051 | H81: , " | I81: =IF(C81="","",C81) | J81: " ) \ | K81: =IF(I81="","",_xlfn.CONCAT(D81:J81))
A82: KC_UP | B82: 0x0052 | D82: X ( | E82: =LEFT(A82 & REPT(" ",$E$1),$E$1) -> KC_UP | F82: , | G82: =B82 -> 0x0052 | H82: , " | I82: =IF(C82="","",C82) | J82: " ) \ | K82: =IF(I82="","",_xlfn.CONCAT(D82:J82))
A83: KC_NUM_LOCK | B83: 0x0053 | C83: Num | D83: X ( | E83: =LEFT(A83 & REPT(" ",$E$1),$E$1) -> KC_NUM_LOCK | F83: , | G83: =B83 -> 0x0053 | H83: , " | I83: =IF(C83="","",C83) -> Num | J83: " ) \ | K83: =IF(I83="","",_xlfn.CONCAT(D83:J83)) -> X ( KC_NUM_LOCK , 0x0053, "Num" ) \
A84: KC_KP_SLASH | B84: 0x0054 | C84: / | D84: X ( | E84: =LEFT(A84 & REPT(" ",$E$1),$E$1) -> KC_KP_SLASH | F84: , | G84: =B84 -> 0x0054 | H84: , " | I84: =IF(C84="","",C84) -> / | J84: " ) \ | K84: =IF(I84="","",_xlfn.CONCAT(D84:J84)) -> X ( KC_KP_SLASH , 0x0054, "/" ) \
A85: KC_KP_ASTERISK | B85: 0x0055 | C85: * | D85: X ( | E85: =LEFT(A85 & REPT(" ",$E$1),$E$1) -> KC_KP_ASTERISK | F85: , | G85: =B85 -> 0x0055 | H85: , " | I85: =IF(C85="","",C85) -> * | J85: " ) \ | K85: =IF(I85="","",_xlfn.CONCAT(D85:J85)) -> X ( KC_KP_ASTERISK , 0x0055, "*" ) \
A86: KC_KP_MINUS | B86: 0x0056 | C86: - | D86: X ( | E86: =LEFT(A86 & REPT(" ",$E$1),$E$1) -> KC_KP_MINUS | F86: , | G86: =B86 -> 0x0056 | H86: , " | I86: =IF(C86="","",C86) -> - | J86: " ) \ | K86: =IF(I86="","",_xlfn.CONCAT(D86:J86)) -> X ( KC_KP_MINUS , 0x0056, "-" ) \
A87: KC_KP_PLUS | B87: 0x0057 | C87: + | D87: X ( | E87: =LEFT(A87 & REPT(" ",$E$1),$E$1) -> KC_KP_PLUS | F87: , | G87: =B87 -> 0x0057 | H87: , " | I87: =IF(C87="","",C87) -> + | J87: " ) \ | K87: =IF(I87="","",_xlfn.CONCAT(D87:J87)) -> X ( KC_KP_PLUS , 0x0057, "+" ) \
A88: KC_KP_ENTER | B88: 0x0058 | C88: = | D88: X ( | E88: =LEFT(A88 & REPT(" ",$E$1),$E$1) -> KC_KP_ENTER | F88: , | G88: =B88 -> 0x0058 | H88: , " | I88: =IF(C88="","",C88) -> = | J88: " ) \ | K88: =IF(I88="","",_xlfn.CONCAT(D88:J88)) -> X ( KC_KP_ENTER , 0x0058, "=" ) \
A89: KC_KP_1 | B89: 0x0059 | C89: 1 | D89: X ( | E89: =LEFT(A89 & REPT(" ",$E$1),$E$1) -> KC_KP_1 | F89: , | G89: =B89 -> 0x0059 | H89: , " | I89: =IF(C89="","",C89) -> 1 | J89: " ) \ | K89: =IF(I89="","",_xlfn.CONCAT(D89:J89)) -> X ( KC_KP_1 , 0x0059, "1" ) \
A90: KC_KP_2 | B90: 0x005A | C90: 2 | D90: X ( | E90: =LEFT(A90 & REPT(" ",$E$1),$E$1) -> KC_KP_2 | F90: , | G90: =B90 -> 0x005A | H90: , " | I90: =IF(C90="","",C90) -> 2 | J90: " ) \ | K90: =IF(I90="","",_xlfn.CONCAT(D90:J90)) -> X ( KC_KP_2 , 0x005A, "2" ) \
A91: KC_KP_3 | B91: 0x005B | C91: 3 | D91: X ( | E91: =LEFT(A91 & REPT(" ",$E$1),$E$1) -> KC_KP_3 | F91: , | G91: =B91 -> 0x005B | H91: , " | I91: =IF(C91="","",C91) -> 3 | J91: " ) \ | K91: =IF(I91="","",_xlfn.CONCAT(D91:J91)) -> X ( KC_KP_3 , 0x005B, "3" ) \
A92: KC_KP_4 | B92: 0x005C | C92: 4 | D92: X ( | E92: =LEFT(A92 & REPT(" ",$E$1),$E$1) -> KC_KP_4 | F92: , | G92: =B92 -> 0x005C | H92: , " | I92: =IF(C92="","",C92) -> 4 | J92: " ) \ | K92: =IF(I92="","",_xlfn.CONCAT(D92:J92)) -> X ( KC_KP_4 , 0x005C, "4" ) \
A93: KC_KP_5 | B93: 0x005D | C93: 5 | D93: X ( | E93: =LEFT(A93 & REPT(" ",$E$1),$E$1) -> KC_KP_5 | F93: , | G93: =B93 -> 0x005D | H93: , " | I93: =IF(C93="","",C93) -> 5 | J93: " ) \ | K93: =IF(I93="","",_xlfn.CONCAT(D93:J93)) -> X ( KC_KP_5 , 0x005D, "5" ) \
A94: KC_KP_6 | B94: 0x005E | C94: 6 | D94: X ( | E94: =LEFT(A94 & REPT(" ",$E$1),$E$1) -> KC_KP_6 | F94: , | G94: =B94 -> 0x005E | H94: , " | I94: =IF(C94="","",C94) -> 6 | J94: " ) \ | K94: =IF(I94="","",_xlfn.CONCAT(D94:J94)) -> X ( KC_KP_6 , 0x005E, "6" ) \
A95: KC_KP_7 | B95: 0x005F | C95: 7 | D95: X ( | E95: =LEFT(A95 & REPT(" ",$E$1),$E$1) -> KC_KP_7 | F95: , | G95: =B95 -> 0x005F | H95: , " | I95: =IF(C95="","",C95) -> 7 | J95: " ) \ | K95: =IF(I95="","",_xlfn.CONCAT(D95:J95)) -> X ( KC_KP_7 , 0x005F, "7" ) \
A96: KC_KP_8 | B96: 0x0060 | C96: 8 | D96: X ( | E96: =LEFT(A96 & REPT(" ",$E$1),$E$1) -> KC_KP_8 | F96: , | G96: =B96 -> 0x0060 | H96: , " | I96: =IF(C96="","",C96) -> 8 | J96: " ) \ | K96: =IF(I96="","",_xlfn.CONCAT(D96:J96)) -> X ( KC_KP_8 , 0x0060, "8" ) \
A97: KC_KP_9 | B97: 0x0061 | C97: 9 | D97: X ( | E97: =LEFT(A97 & REPT(" ",$E$1),$E$1) -> KC_KP_9 | F97: , | G97: =B97 -> 0x0061 | H97: , " | I97: =IF(C97="","",C97) -> 9 | J97: " ) \ | K97: =IF(I97="","",_xlfn.CONCAT(D97:J97)) -> X ( KC_KP_9 , 0x0061, "9" ) \
A98: KC_KP_0 | B98: 0x0062 | C98: 0 | D98: X ( | E98: =LEFT(A98 & REPT(" ",$E$1),$E$1) -> KC_KP_0 | F98: , | G98: =B98 -> 0x0062 | H98: , " | I98: =IF(C98="","",C98) -> 0 | J98: " ) \ | K98: =IF(I98="","",_xlfn.CONCAT(D98:J98)) -> X ( KC_KP_0 , 0x0062, "0" ) \
A99: KC_KP_DOT | B99: 0x0063 | C99: . | D99: X ( | E99: =LEFT(A99 & REPT(" ",$E$1),$E$1) -> KC_KP_DOT | F99: , | G99: =B99 -> 0x0063 | H99: , " | I99: =IF(C99="","",C99) -> . | J99: " ) \ | K99: =IF(I99="","",_xlfn.CONCAT(D99:J99)) -> X ( KC_KP_DOT , 0x0063, "." ) \
A100: KC_NONUS_BACKSLASH | B100: 0x0064 | D100: X ( | E100: =LEFT(A100 & REPT(" ",$E$1),$E$1) -> KC_NONUS_BACKSLASH | F100: , | G100: =B100 -> 0x0064 | H100: , " | I100: =IF(C100="","",C100) | J100: " ) \ | K100: =IF(I100="","",_xlfn.CONCAT(D100:J100))
A101: KC_APPLICATION | B101: 0x0065 | D101: X ( | E101: =LEFT(A101 & REPT(" ",$E$1),$E$1) -> KC_APPLICATION | F101: , | G101: =B101 -> 0x0065 | H101: , " | I101: =IF(C101="","",C101) | J101: " ) \ | K101: =IF(I101="","",_xlfn.CONCAT(D101:J101))
A102: KC_KB_POWER | B102: 0x0066 | D102: X ( | E102: =LEFT(A102 & REPT(" ",$E$1),$E$1) -> KC_KB_POWER | F102: , | G102: =B102 -> 0x0066 | H102: , " | I102: =IF(C102="","",C102) | J102: " ) \ | K102: =IF(I102="","",_xlfn.CONCAT(D102:J102))
A103: KC_KP_EQUAL | B103: 0x0067 | D103: X ( | E103: =LEFT(A103 & REPT(" ",$E$1),$E$1) -> KC_KP_EQUAL | F103: , | G103: =B103 -> 0x0067 | H103: , " | I103: =IF(C103="","",C103) | J103: " ) \ | K103: =IF(I103="","",_xlfn.CONCAT(D103:J103))
A104: KC_F13 | B104: 0x0068 | C104: F13 | D104: X ( | E104: =LEFT(A104 & REPT(" ",$E$1),$E$1) -> KC_F13 | F104: , | G104: =B104 -> 0x0068 | H104: , " | I104: =IF(C104="","",C104) -> F13 | J104: " ) \ | K104: =IF(I104="","",_xlfn.CONCAT(D104:J104)) -> X ( KC_F13 , 0x0068, "F13" ) \
A105: KC_F14 | B105: 0x0069 | C105: F14 | D105: X ( | E105: =LEFT(A105 & REPT(" ",$E$1),$E$1) -> KC_F14 | F105: , | G105: =B105 -> 0x0069 | H105: , " | I105: =IF(C105="","",C105) -> F14 | J105: " ) \ | K105: =IF(I105="","",_xlfn.CONCAT(D105:J105)) -> X ( KC_F14 , 0x0069, "F14" ) \
A106: KC_F15 | B106: 0x006A | C106: F15 | D106: X ( | E106: =LEFT(A106 & REPT(" ",$E$1),$E$1) -> KC_F15 | F106: , | G106: =B106 -> 0x006A | H106: , " | I106: =IF(C106="","",C106) -> F15 | J106: " ) \ | K106: =IF(I106="","",_xlfn.CONCAT(D106:J106)) -> X ( KC_F15 , 0x006A, "F15" ) \
A107: KC_F16 | B107: 0x006B | C107: F16 | D107: X ( | E107: =LEFT(A107 & REPT(" ",$E$1),$E$1) -> KC_F16 | F107: , | G107: =B107 -> 0x006B | H107: , " | I107: =IF(C107="","",C107) -> F16 | J107: " ) \ | K107: =IF(I107="","",_xlfn.CONCAT(D107:J107)) -> X ( KC_F16 , 0x006B, "F16" ) \
A108: KC_F17 | B108: 0x006C | C108: F17 | D108: X ( | E108: =LEFT(A108 & REPT(" ",$E$1),$E$1) -> KC_F17 | F108: , | G108: =B108 -> 0x006C | H108: , " | I108: =IF(C108="","",C108) -> F17 | J108: " ) \ | K108: =IF(I108="","",_xlfn.CONCAT(D108:J108)) -> X ( KC_F17 , 0x006C, "F17" ) \
A109: KC_F18 | B109: 0x006D | C109: F18 | D109: X ( | E109: =LEFT(A109 & REPT(" ",$E$1),$E$1) -> KC_F18 | F109: , | G109: =B109 -> 0x006D | H109: , " | I109: =IF(C109="","",C109) -> F18 | J109: " ) \ | K109: =IF(I109="","",_xlfn.CONCAT(D109:J109)) -> X ( KC_F18 , 0x006D, "F18" ) \
A110: KC_F19 | B110: 0x006E | C110: F19 | D110: X ( | E110: =LEFT(A110 & REPT(" ",$E$1),$E$1) -> KC_F19 | F110: , | G110: =B110 -> 0x006E | H110: , " | I110: =IF(C110="","",C110) -> F19 | J110: " ) \ | K110: =IF(I110="","",_xlfn.CONCAT(D110:J110)) -> X ( KC_F19 , 0x006E, "F19" ) \
A111: KC_F20 | B111: 0x006F | C111: F20 | D111: X ( | E111: =LEFT(A111 & REPT(" ",$E$1),$E$1) -> KC_F20 | F111: , | G111: =B111 -> 0x006F | H111: , " | I111: =IF(C111="","",C111) -> F20 | J111: " ) \ | K111: =IF(I111="","",_xlfn.CONCAT(D111:J111)) -> X ( KC_F20 , 0x006F, "F20" ) \
A112: KC_F21 | B112: 0x0070 | C112: F21 | D112: X ( | E112: =LEFT(A112 & REPT(" ",$E$1),$E$1) -> KC_F21 | F112: , | G112: =B112 -> 0x0070 | H112: , " | I112: =IF(C112="","",C112) -> F21 | J112: " ) \ | K112: =IF(I112="","",_xlfn.CONCAT(D112:J112)) -> X ( KC_F21 , 0x0070, "F21" ) \
A113: KC_F22 | B113: 0x0071 | C113: F22 | D113: X ( | E113: =LEFT(A113 & REPT(" ",$E$1),$E$1) -> KC_F22 | F113: , | G113: =B113 -> 0x0071 | H113: , " | I113: =IF(C113="","",C113) -> F22 | J113: " ) \ | K113: =IF(I113="","",_xlfn.CONCAT(D113:J113)) -> X ( KC_F22 , 0x0071, "F22" ) \
...

Sheet Filtered
A1: COPY THIS
A2: =IF(List!K2="","",List!K2)
A3: =IF(List!K3="","",List!K3)
A4: =IF(List!K4="","",List!K4) -> X ( KC_A , 0x0004, "a" ) \
A5: =IF(List!K5="","",List!K5) -> X ( KC_B , 0x0005, "b" ) \
A6: =IF(List!K6="","",List!K6) -> X ( KC_C , 0x0006, "c" ) \
A7: =IF(List!K7="","",List!K7) -> X ( KC_D , 0x0007, "d" ) \
A8: =IF(List!K8="","",List!K8) -> X ( KC_E , 0x0008, "e" ) \
A9: =IF(List!K9="","",List!K9) -> X ( KC_F , 0x0009, "f" ) \
A10: =IF(List!K10="","",List!K10) -> X ( KC_G , 0x000A, "g" ) \
A11: =IF(List!K11="","",List!K11) -> X ( KC_H , 0x000B, "h" ) \
A12: =IF(List!K12="","",List!K12) -> X ( KC_I , 0x000C, "i" ) \
A13: =IF(List!K13="","",List!K13) -> X ( KC_J , 0x000D, "j" ) \
... A1381: =IF(List!K1381="","",List!K1381)

Sheet Ranges
A1: Range Name | B1: Start | C1: End
A2: INTERNAL_KEYCODE_RANGE | B2: KC_NO | C2: KC_TRANSPARENT | D2: 0x0000 | E2: 0x0001
A3: BASIC_KEYCODE_RANGE | B3: KC_A | C3: KC_EXSEL | D3: 0x0004 | E3: 0x00A4
A4: SYSTEM_KEYCODE_RANGE | B4: KC_SYSTEM_POWER | C4: KC_SYSTEM_WAKE | D4: 0x00A5 | E4: 0x00A7
A5: CONSUMER_KEYCODE_RANGE | B5: KC_AUDIO_MUTE | C5: KC_LAUNCHPAD | D5: 0x00A8 | E5: 0x00C2
A6: MOUSE_KEYCODE_RANGE | B6: QK_MOUSE_CURSOR_UP | C6: QK_MOUSE_ACCELERATION_2 | D6: 0x00CD | E6: 0x00DF
A7: MODIFIER_KEYCODE_RANGE | B7: KC_LEFT_CTRL | C7: KC_RIGHT_GUI | D7: 0x00E0 | E7: 0x00E7
A8: SWAP_HANDS_KEYCODE_RANGE | B8: QK_SWAP_HANDS_TOGGLE | C8: QK_SWAP_HANDS_ONE_SHOT | D8: 0x56F0 | E8: 0x56F6
A9: MAGIC_KEYCODE_RANGE | B9: QK_MAGIC_SWAP_CONTROL_CAPS_LOCK | C9: QK_MAGIC_TOGGLE_ESCAPE_CAPS_LOCK | D9: 0x7000 | E9: 0x7022
A10: MIDI_KEYCODE_RANGE | B10: QK_MIDI_ON | C10: QK_MIDI_PITCH_BEND_UP | D10: 0x7100 | E10: 0x718F
A11: SEQUENCER_KEYCODE_RANGE | B11: QK_SEQUENCER_ON | C11: QK_SEQUENCER_STEPS_CLEAR | D11: 0x7200 | E11: 0x7208
A12: JOYSTICK_KEYCODE_RANGE | B12: QK_JOYSTICK_BUTTON_0 | C12: QK_JOYSTICK_BUTTON_31 | D12: 0x7400 | E12: 0x741F
A13: PROGRAMMABLE_BUTTON_KEYCODE_RANGE | B13: QK_PROGRAMMABLE_BUTTON_1 | C13: QK_PROGRAMMABLE_BUTTON_32
A14: AUDIO_KEYCODE_RANGE | B14: QK_AUDIO_ON | C14: QK_AUDIO_VOICE_PREVIOUS
A15: STENO_KEYCODE_RANGE | B15: QK_STENO_BOLT | C15: QK_STENO_COMB_MAX
A16: MACRO_KEYCODE_RANGE | B16: QK_MACRO_0 | C16: QK_MACRO_31 | D16: 0x7700 | E16: 0x771F
A17: CONNECTION_KEYCODE_RANGE | B17: QK_OUTPUT_AUTO | C17: QK_BLUETOOTH_PROFILE5
A18: BACKLIGHT_KEYCODE_RANGE | B18: QK_BACKLIGHT_ON | C18: QK_BACKLIGHT_TOGGLE_BREATHING
A19: LED_MATRIX_KEYCODE_RANGE | B19: QK_LED_MATRIX_ON | C19: QK_LED_MATRIX_FLAG_PREVIOUS
A20: UNDERGLOW_KEYCODE_RANGE | B20: QK_UNDERGLOW_TOGGLE | C20: QK_UNDERGLOW_SPEED_DOWN
A21: RGB_KEYCODE_RANGE | B21: RGB_MODE_PLAIN | C21: RGB_MODE_TWINKLE
A22: RGB_MATRIX_KEYCODE_RANGE | B22: QK_RGB_MATRIX_ON | C22: QK_RGB_MATRIX_FLAG_PREVIOUS
A23: QUANTUM_KEYCODE_RANGE | B23: QK_BOOTLOADER | C23: QK_LAYER_LOCK | D23: 0x7C00 | E23: 0x7C7B
A24: KB_KEYCODE_RANGE | B24: QK_KB_0 | C24: QK_KB_31
A25: USER_KEYCODE_RANGE | B25: QK_USER_0 | C25: QK_USER_31
